{"cameraMode":{"drawMode":0,"name":"Shaded","section":"Shading Mode"},"sceneLighting":true,"audioPlay":false,"sceneViewState":{"m_AlwaysRefresh":false,"showFog":true,"showSkybox":true,"showFlares":true,"showImageEffects":true,"showParticleSystems":true,"showVisualEffectGraphs":true,"m_FxEnabled":true},"in2DMode":false,"pivot":{"x":2.5686278343200685,"y":5.3420329093933109,"z":-6.340564250946045},"rotation":{"x":0.13496629893779756,"y":0.44591039419174197,"z":-0.06821884214878082,"w":0.8822117447853088},"size":8.213638305664063,"orthographic":false}